matrix;1;2;4
50;0.003186;0.003327;0.002800
100;0.002524;0.003146;0.003344
1000;0.064976;1.169526;13.846543
