matrix;1
50;0.000043
100;0.000107
1000;0.042650

matrix;1
50;0.020170
100;0.024944
1000;0.036292

matrix;1
0;0.000446
1;0.000637
2;12.977146

matrix;1;2;4
50;0.002669;0.004099;0.003634
100;0.003425;0.003415;0.003864
1000;14.249810;12.529700;14.456410
